External Library Name, Link to License, License Name, Binaries using the license, URL
qemu-system, https://android.googlesource.com/platform/external/qemu/+/refs/heads/emu-master-dev/LICENSES/LICENSE.APACHE2, Apache-2.0, ./qemu/windows-x86_64/qemu-system-x86_64.exe ./qemu/windows-x86_64/qemu-system-x86_64-headless.exe ./qemu/windows-x86_64/qemu-system-aarch64.exe ./qemu/windows-x86_64/qemu-system-i386-headless.exe ./qemu/windows-x86_64/qemu-system-armel-headless.exe ./qemu/windows-x86_64/qemu-system-aarch64-headless.exe ./qemu/windows-x86_64/qemu-system-i386.exe ./qemu/windows-x86_64/qemu-system-armel.exe, https://android.googlesource.com/platform/external/qemu/+/refs/heads/emu-master-dev
Qt 5, https://doc.qt.io/qt-5/licensing.html, LGPL-3.0-only, lib64/qt/translations/qtwebengine_locales/cs.pak lib64/qt/bin/qtwebengine_locales/he.pak lib64/qt/bin/qtwebengine_locales/ta.pak lib64/qt/bin/qtwebengine_locales/ar.pak lib64/qt/lib/Qt5WebEngineCoreAndroidEmu.dll lib64/qt/translations/qtwebengine_locales/ca.pak lib64/qt/translations/qtwebengine_locales/zh-CN.pak lib64/qt/bin/qtwebengine_locales/te.pak lib64/qt/bin/qtwebengine_locales/sw.pak lib64/qt/bin/qtwebengine_locales/uk.pak lib64/qt/translations/qtwebengine_locales/pt-PT.pak lib64/qt/resources/icudtl.dat lib64/qt/translations/qtwebengine_locales/ta.pak lib64/qt/bin/qtwebengine_devtools_resources.pak lib64/qt/bin/qtwebengine_resources_100p.pak lib64/qt/translations/qtwebengine_locales/da.pak lib64/qt/lib/Qt5PrintSupportAndroidEmu.dll lib64/qt/translations/qtwebengine_locales/th.pak lib64/qt/bin/qtwebengine_locales/cs.pak lib64/qt/bin/qtwebengine_locales/ru.pak lib64/qt/bin/qtwebengine_locales/sv.pak lib64/qt/bin/qtwebengine_locales/fil.pak lib64/qt/bin/qtwebengine_locales/et.pak lib64/qt/bin/qtwebengine_locales/pl.pak lib64/qt/bin/qtwebengine_locales/hi.pak lib64/qt/bin/qtwebengine_locales/pt-BR.pak lib64/qt/resources/qtwebengine_resources_100p.pak lib64/qt/translations/qtwebengine_locales/ro.pak lib64/qt/bin/qtwebengine_locales/kn.pak lib64/qt/bin/qtwebengine_locales/ms.pak lib64/qt/resources/qtwebengine_devtools_resources.pak lib64/qt/translations/qtwebengine_locales/id.pak lib64/qt/translations/qtwebengine_locales/hi.pak lib64/qt/bin/qtwebengine_locales/gu.pak lib64/qt/translations/qtwebengine_locales/sv.pak lib64/qt/bin/qtwebengine_locales/bg.pak lib64/qt/translations/qtwebengine_locales/sr.pak lib64/qt/bin/qtwebengine_locales/lt.pak lib64/qt/plugins/imageformats/qwebp.dll lib64/qt/translations/qtwebengine_locales/gu.pak lib64/qt/bin/qtwebengine_locales/es-419.pak lib64/qt/plugins/imageformats/qico.dll lib64/qt/translations/qtwebengine_locales/et.pak lib64/qt/translations/qtwebengine_locales/vi.pak lib64/qt/lib/Qt5QuickAndroidEmu.dll lib64/qt/lib/Qt5QuickWidgetsAndroidEmu.dll lib64/qt/bin/qtwebengine_locales/fa.pak lib64/qt/plugins/imageformats/qtga.dll lib64/qt/translations/qtwebengine_locales/nl.pak lib64/qt/plugins/imageformats/qwbmp.dll lib64/qt/translations/qtwebengine_locales/hr.pak lib64/qt/bin/qtwebengine_locales/en-US.pak lib64/qt/translations/qtwebengine_locales/hu.pak lib64/qt/translations/qtwebengine_locales/pt-BR.pak lib64/qt/bin/qtwebengine_locales/fr.pak lib64/qt/bin/qtwebengine_locales/nl.pak lib64/qt/plugins/platforms/qwindows.dll lib64/qt/bin/qtwebengine_locales/ja.pak lib64/qt/bin/qtwebengine_locales/zh-CN.pak lib64/qt/translations/qtwebengine_locales/ms.pak lib64/qt/translations/qtwebengine_locales/pl.pak lib64/qt/bin/qtwebengine_locales/de.pak lib64/qt/plugins/iconengines/qsvgicon.dll lib64/qt/translations/qtwebengine_locales/he.pak lib64/qt/translations/qtwebengine_locales/fa.pak lib64/qt/translations/qtwebengine_locales/it.pak lib64/qt/translations/qtwebengine_locales/ml.pak lib64/qt/bin/qtwebengine_locales/bn.pak lib64/qt/translations/qtwebengine_locales/zh-TW.pak lib64/qt/lib/Qt5CoreAndroidEmu.dll lib64/qt/bin/qtwebengine_locales/am.pak lib64/qt/translations/qtwebengine_locales/sw.pak lib64/qt/lib/Qt5WebSocketsAndroidEmu.dll lib64/qt/translations/qtwebengine_locales/sk.pak lib64/qt/translations/qtwebengine_locales/uk.pak lib64/qt/translations/qtwebengine_locales/bn.pak lib64/qt/bin/qtwebengine_locales/ko.pak ./emulator.exe lib64/qt/translations/qtwebengine_locales/lt.pak lib64/qt/bin/qtwebengine_locales/es.pak lib64/qt/bin/qtwebengine_locales/lv.pak lib64/qt/translations/qtwebengine_locales/es-419.pak lib64/qt/bin/qtwebengine_locales/nb.pak lib64/qt/lib/Qt5NetworkAndroidEmu.dll lib64/qt/plugins/imageformats/qgif.dll lib64/qt/translations/qtwebengine_locales/ru.pak lib64/qt/plugins/imageformats/qicns.dll lib64/qt/translations/qtwebengine_locales/bg.pak lib64/qt/bin/qtwebengine_locales/id.pak lib64/qt/plugins/bearer/qgenericbearer.dll lib64/qt/bin/qtwebengine_resources_200p.pak lib64/qt/bin/qtwebengine_locales/zh-TW.pak lib64/qt/lib/Qt5WebChannelAndroidEmu.dll lib64/qt/resources/qtwebengine_resources_200p.pak lib64/qt/lib/Qt5GuiAndroidEmu.dll lib64/qt/translations/qtwebengine_locales/te.pak lib64/qt/translations/qtwebengine_locales/kn.pak lib64/qt/translations/qtwebengine_locales/tr.pak lib64/qt/bin/qtwebengine_locales/ca.pak lib64/qt/translations/qtwebengine_locales/sl.pak lib64/qt/lib/Qt5PositioningAndroidEmu.dll lib64/qt/translations/qtwebengine_locales/el.pak lib64/qt/lib/Qt5QmlAndroidEmu.dll lib64/qt/plugins/imageformats/qtiff.dll lib64/qt/translations/qtwebengine_locales/es.pak lib64/qt/bin/qtwebengine_locales/en-GB.pak lib64/qt/translations/qtwebengine_locales/fi.pak lib64/qt/translations/qtwebengine_locales/ja.pak lib64/qt/bin/icudtl.dat lib64/qt/bin/qtwebengine_locales/ml.pak lib64/qt/bin/qtwebengine_locales/hu.pak lib64/qt/bin/qtwebengine_locales/tr.pak lib64/qt/translations/qtwebengine_locales/ko.pak lib64/qt/bin/qtwebengine_locales/el.pak lib64/qt/bin/qtwebengine_locales/sk.pak lib64/qt/bin/qtwebengine_locales/it.pak lib64/qt/resources/qtwebengine_resources.pak lib64/qt/bin/qtwebengine_locales/mr.pak lib64/qt/translations/qtwebengine_locales/en-US.pak lib64/qt/lib/Qt5SvgAndroidEmu.dll lib64/qt/bin/QtWebEngineProcess.exe lib64/qt/translations/qtwebengine_locales/nb.pak lib64/qt/bin/qtwebengine_locales/hr.pak lib64/qt/translations/qtwebengine_locales/fr.pak lib64/qt/translations/qtwebengine_locales/en-GB.pak lib64/qt/bin/qtwebengine_locales/th.pak lib64/qt/translations/qtwebengine_locales/mr.pak lib64/qt/translations/qtwebengine_locales/ar.pak lib64/qt/bin/qtwebengine_resources.pak lib64/qt/bin/qtwebengine_locales/vi.pak lib64/qt/bin/qtwebengine_locales/fi.pak lib64/qt/bin/qtwebengine_locales/ro.pak lib64/qt/bin/qtwebengine_locales/da.pak lib64/qt/translations/qtwebengine_locales/fil.pak lib64/qt/bin/qtwebengine_locales/sr.pak lib64/qt/lib/Qt5WebEngineWidgetsAndroidEmu.dll lib64/qt/bin/qtwebengine_locales/pt-PT.pak lib64/qt/plugins/imageformats/qsvg.dll lib64/qt/lib/Qt5WidgetsAndroidEmu.dll lib64/qt/translations/qtwebengine_locales/am.pak lib64/qt/plugins/imageformats/qjpeg.dll lib64/qt/translations/qtwebengine_locales/de.pak lib64/qt/translations/qtwebengine_locales/lv.pak lib64/qt/bin/qtwebengine_locales/sl.pak, https://android.googlesource.com/platform/prebuilts/android-emulator-build/archive/+/refs/heads/emu-master-dev/qt-everywhere-src-5.12.1.tar.xz
upb, https://android.googlesource.com/platform/external/grpc-grpc/+/refs/heads/emu-master-dev/NOTICE.txt, Apache-2.0, android-emu-shared.dll emugl_common.dll ./qemu/windows-x86_64/qemu-system-x86_64-headless.exe ./qemu/windows-x86_64/qemu-system-aarch64.exe gfxstream_backend.dll ./qemu-img.exe ./qemu/windows-x86_64/qemu-system-armel-headless.exe ./qsn.exe ./qemu/windows-x86_64/qemu-system-aarch64-headless.exe ./qemu/windows-x86_64/qemu-system-i386.exe ./nimble_bridge.exe ./qemu/windows-x86_64/qemu-system-armel.exe ./emulator-check.exe ./qemu/windows-x86_64/qemu-system-x86_64.exe ./netsimd.exe ./qemu/windows-x86_64/qemu-system-i386-headless.exe, https://android.googlesource.com/platform/external/grpc-grpc/+/refs/heads/emu-master-dev
LibXml2, https://github.com/GNOME/libxml2/blob/mainline/Copyright, MIT, android-emu-metrics.dll android-emu-shared.dll ./qemu-img.exe ./qemu/windows-x86_64/qemu-system-armel-headless.exe ./qemu/windows-x86_64/qemu-system-i386.exe ./qemu/windows-x86_64/qemu-system-x86_64.exe ./emulator.exe emugl_common.dll ./qemu/windows-x86_64/qemu-system-x86_64-headless.exe ./qemu/windows-x86_64/qemu-system-aarch64.exe gfxstream_backend.dll ./qsn.exe ./qemu/windows-x86_64/qemu-system-aarch64-headless.exe ./nimble_bridge.exe ./qemu/windows-x86_64/qemu-system-armel.exe ./emulator-check.exe ./qemu/windows-x86_64/qemu-system-i386-headless.exe, https://android.googlesource.com/platform/prebuilts/android-emulator-build/archive/+/refs/heads/emu-master-dev/libxml2-2.9.2.tar.gz
vcredist, https://marketplace.visualstudio.com/items/VisualStudioProductTeam.VisualStudioProjectSystemExtensibilityPreview/license, 2017-redistribution-vs, ./vcruntime140.dll ./msvcp140_1.dll ./msvcp140_2.dll lib64/msvcp140_atomic_wait.dll ./msvcp140_codecvt_ids.dll ./concrt140.dll ./msvcp140_atomic_wait.dll lib64/vccorlib140.dll lib64/msvcp140.dll lib64/msvcp140_1.dll ./msvcp140.dll lib64/msvcp140_2.dll ./vccorlib140.dll ./emulator.exe lib64/concrt140.dll ./vcruntime140_1.dll lib64/vcruntime140_1.dll lib64/msvcp140_codecvt_ids.dll lib64/vcruntime140.dll, https://docs.microsoft.com/en-us/visualstudio/productinfo/2017-redistribution-vs
keymaster-3, https://android.googlesource.com/platform/external/qemu/+/emu-master-dev/android/third_party/libkeymaster3/NOTICE, Apache-2.0, android-emu-shared.dll emugl_common.dll ./qemu/windows-x86_64/qemu-system-x86_64-headless.exe ./qemu/windows-x86_64/qemu-system-aarch64.exe gfxstream_backend.dll ./qemu-img.exe ./qemu/windows-x86_64/qemu-system-armel-headless.exe ./qsn.exe ./qemu/windows-x86_64/qemu-system-aarch64-headless.exe ./qemu/windows-x86_64/qemu-system-i386.exe ./nimble_bridge.exe ./qemu/windows-x86_64/qemu-system-armel.exe ./emulator-check.exe ./qemu/windows-x86_64/qemu-system-x86_64.exe ./qemu/windows-x86_64/qemu-system-i386-headless.exe, https://android.googlesource.com/platform/external/qemu/+/emu-master-dev/android/third_party/libkeymaster3
Qt Svg, https://doc.qt.io/qt-5.12/qtSvg-index.html#licenses-and-attributions, LGPL-3.0-only, ./qemu/windows-x86_64/qemu-system-x86_64.exe ./qemu/windows-x86_64/qemu-system-i386.exe ./qemu/windows-x86_64/qemu-system-aarch64.exe ./qemu/windows-x86_64/qemu-system-armel.exe, https://android.googlesource.com/platform/prebuilts/android-emulator-build/archive/+/refs/heads/emu-master-dev/qt-everywhere-src-5.12.1.tar.xz
picosha2, https://android.googlesource.com/platform/external/qemu/+/refs/heads/emu-master-dev/android/third_party/picosha2/LICENSE, MIT, android-emu-metrics.dll emugl_common.dll android-emu-shared.dll ./qemu/windows-x86_64/qemu-system-x86_64-headless.exe ./qemu/windows-x86_64/qemu-system-aarch64.exe gfxstream_backend.dll ./qemu-img.exe ./qemu/windows-x86_64/qemu-system-armel-headless.exe ./qsn.exe ./qemu/windows-x86_64/qemu-system-aarch64-headless.exe ./qemu/windows-x86_64/qemu-system-i386.exe ./nimble_bridge.exe ./qemu/windows-x86_64/qemu-system-armel.exe ./emulator-check.exe ./qemu/windows-x86_64/qemu-system-x86_64.exe ./qemu/windows-x86_64/qemu-system-i386-headless.exe, https://android.googlesource.com/platform/external/qemu/+/refs/heads/emu-master-dev/android/third_party/picosha2/
libpng, https://android.googlesource.com/platform/external/libpng/+/refs/heads/emu-master-dev/LICENSE, libpng, android-emu-shared.dll emugl_common.dll ./qemu/windows-x86_64/qemu-system-x86_64-headless.exe ./qemu/windows-x86_64/qemu-system-aarch64.exe gfxstream_backend.dll ./qemu-img.exe ./qemu/windows-x86_64/qemu-system-armel-headless.exe ./qsn.exe ./qemu/windows-x86_64/qemu-system-aarch64-headless.exe ./qemu/windows-x86_64/qemu-system-i386.exe ./nimble_bridge.exe ./qemu/windows-x86_64/qemu-system-armel.exe ./emulator-check.exe ./qemu/windows-x86_64/qemu-system-x86_64.exe ./qemu/windows-x86_64/qemu-system-i386-headless.exe, https://android.googlesource.com/platform/external/libpng/+/refs/heads/emu-master-dev
grpc++_reflection, https://android.googlesource.com/platform/external/grpc-grpc/+/refs/heads/emu-master-dev/NOTICE.txt, Apache-2.0, ./qemu/windows-x86_64/qemu-system-x86_64-headless.exe ./qemu/windows-x86_64/qemu-system-aarch64.exe ./qemu/windows-x86_64/qemu-system-armel-headless.exe ./qemu/windows-x86_64/qemu-system-aarch64-headless.exe ./qsn.exe ./qemu/windows-x86_64/qemu-system-i386.exe ./qemu/windows-x86_64/qemu-system-armel.exe ./emulator-check.exe ./qemu/windows-x86_64/qemu-system-x86_64.exe ./qemu/windows-x86_64/qemu-system-i386-headless.exe, https://android.googlesource.com/platform/external/grpc-grpc/+/refs/heads/emu-master-dev
dirent, https://android.googlesource.com/platform/external/qemu/+/emu-master-dev/android/third_party/dirent-win32/NOTICE, MIT, android-emu-metrics.dll android-emu-shared.dll ./qemu-img.exe ./qemu/windows-x86_64/qemu-system-armel-headless.exe ./qemu/windows-x86_64/qemu-system-i386.exe ./qemu/windows-x86_64/qemu-system-x86_64.exe android-emu-agents.dll ./emulator.exe emugl_common.dll ./qemu/windows-x86_64/qemu-system-x86_64-headless.exe ./crashreport.exe gfxstream_backend.dll android-emu-curl.dll ./qemu/windows-x86_64/qemu-system-aarch64.exe ./qsn.exe ./qemu/windows-x86_64/qemu-system-aarch64-headless.exe ./nimble_bridge.exe ./qemu/windows-x86_64/qemu-system-armel.exe ./emulator-check.exe ./netsimd.exe ./qemu/windows-x86_64/qemu-system-i386-headless.exe, https://android.googlesource.com/platform/external/qemu/+/emu-master-dev/android/third_party/dirent-win32
Qt Widgets, https://doc.qt.io/qt-5.12/qtWidgets-index.html#licenses-and-attributions, LGPL-3.0-only, ./qemu/windows-x86_64/qemu-system-x86_64.exe ./qemu/windows-x86_64/qemu-system-i386.exe ./qemu/windows-x86_64/qemu-system-aarch64.exe ./qemu/windows-x86_64/qemu-system-armel.exe, https://android.googlesource.com/platform/prebuilts/android-emulator-build/archive/+/refs/heads/emu-master-dev/qt-everywhere-src-5.12.1.tar.xz
libwebp, https://android.googlesource.com/platform/external/qemu/+/emu-master-dev/android/third_party/libwebp/third_party/chromium_headless/libwebp/LICENSE, BSD-3-Clause, android-emu-shared.dll emugl_common.dll ./qemu/windows-x86_64/qemu-system-x86_64-headless.exe ./qemu/windows-x86_64/qemu-system-aarch64.exe gfxstream_backend.dll ./qemu-img.exe ./qemu/windows-x86_64/qemu-system-armel-headless.exe ./qsn.exe ./qemu/windows-x86_64/qemu-system-aarch64-headless.exe ./qemu/windows-x86_64/qemu-system-i386.exe ./nimble_bridge.exe ./qemu/windows-x86_64/qemu-system-armel.exe ./emulator-check.exe ./qemu/windows-x86_64/qemu-system-x86_64.exe ./qemu/windows-x86_64/qemu-system-i386-headless.exe, https://android.googlesource.com/platform/external/qemu/+/emu-master-dev/android/third_party/libwebp/third_party/chromium_headless/libwebp
qemu, https://android.googlesource.com/platform/external/qemu/+/refs/heads/emu-master-dev/LICENSE, GPL-2.0-only, ./qemu/windows-x86_64/qemu-system-x86_64-headless.exe ./qemu/windows-x86_64/qemu-system-aarch64.exe ./qemu-img.exe ./qemu/windows-x86_64/qemu-system-armel-headless.exe ./qemu/windows-x86_64/qemu-system-aarch64-headless.exe ./qemu/windows-x86_64/qemu-system-i386.exe ./qemu/windows-x86_64/qemu-system-armel.exe ./qemu/windows-x86_64/qemu-system-x86_64.exe ./qemu/windows-x86_64/qemu-system-i386-headless.exe, https://android.googlesource.com/platform/external/qemu/+/refs/heads/emu-master-dev
gtest, https://android.googlesource.com/platform/external/googletest/+/refs/heads/master/LICENSE, BSD3, ./emulator.exe, https://android.googlesource.com/platform/external/googletest/+/refs/heads/master
libvpx, https://chromium.googlesource.com/webm/libvpx/+/refs/heads/master/LICENSE, BSD-3-Clause, android-emu-shared.dll emugl_common.dll ./qemu/windows-x86_64/qemu-system-x86_64-headless.exe ./qemu/windows-x86_64/qemu-system-aarch64.exe gfxstream_backend.dll ./qemu-img.exe ./qemu/windows-x86_64/qemu-system-armel-headless.exe ./qsn.exe ./qemu/windows-x86_64/qemu-system-aarch64-headless.exe ./qemu/windows-x86_64/qemu-system-i386.exe ./nimble_bridge.exe ./qemu/windows-x86_64/qemu-system-armel.exe ./emulator-check.exe ./qemu/windows-x86_64/qemu-system-x86_64.exe ./qemu/windows-x86_64/qemu-system-i386-headless.exe, https://chromium.googlesource.com/webm/libvpx/
protobuf, BSD-3-Clause, BSD-3-Clause, android-emu-metrics.dll android-emu-shared.dll android-emu-protos.dll ./qemu-img.exe ./qemu/windows-x86_64/qemu-system-armel-headless.exe ./qemu/windows-x86_64/qemu-system-i386.exe libprotobuf.dll ./qemu/windows-x86_64/qemu-system-x86_64.exe ./emulator.exe emugl_common.dll ./qemu/windows-x86_64/qemu-system-x86_64-headless.exe ./crashreport.exe gfxstream_backend.dll ./qemu/windows-x86_64/qemu-system-aarch64.exe ./qsn.exe ./qemu/windows-x86_64/qemu-system-aarch64-headless.exe ./nimble_bridge.exe ./qemu/windows-x86_64/qemu-system-armel.exe ./emulator-check.exe ./netsimd.exe android-emu-tracing.dll ./qemu/windows-x86_64/qemu-system-i386-headless.exe, 
Qt Core, https://doc.qt.io/qt-5.12/qtCore-index.html#licenses-and-attributions, LGPL-3.0-only, ./qemu/windows-x86_64/qemu-system-x86_64.exe ./qemu/windows-x86_64/qemu-system-i386.exe ./qemu/windows-x86_64/qemu-system-aarch64.exe ./qemu/windows-x86_64/qemu-system-armel.exe, https://android.googlesource.com/platform/prebuilts/android-emulator-build/archive/+/refs/heads/emu-master-dev/qt-everywhere-src-5.12.1.tar.xz
vulkan-sdk, https://vulkan.lunarg.com/software/license/vulkan-1.2.162.1-linux-license-summary.txt, Apache-2.0, lib64/vulkan/vulkan-1.dll ./emulator.exe lib64/vulkan/vk_swiftshader.dll, https://vulkan.lunarg.com/sdk/home
lz4, https://android.googlesource.com/platform/external/lz4/+/refs/heads/emu-master-dev/LICENSE, BSD-2-Clause, android-emu-metrics.dll android-emu-shared.dll ./qemu-img.exe ./qemu/windows-x86_64/qemu-system-armel-headless.exe ./qemu/windows-x86_64/qemu-system-i386.exe ./qemu/windows-x86_64/qemu-system-x86_64.exe android-emu-agents.dll ./emulator.exe emugl_common.dll ./qemu/windows-x86_64/qemu-system-x86_64-headless.exe ./crashreport.exe gfxstream_backend.dll android-emu-curl.dll ./qemu/windows-x86_64/qemu-system-aarch64.exe ./qsn.exe ./qemu/windows-x86_64/qemu-system-aarch64-headless.exe ./nimble_bridge.exe ./qemu/windows-x86_64/qemu-system-armel.exe ./emulator-check.exe ./netsimd.exe ./qemu/windows-x86_64/qemu-system-i386-headless.exe, https://android.googlesource.com/platform/external/lz4/+/refs/heads/emu-master-dev
nlohmann_json, https://android.googlesource.com/platform/external/qemu/+/refs/heads/emu-master-dev/android/third_party/json/NOTICE, MIT, android-emu-shared.dll emugl_common.dll ./qemu/windows-x86_64/qemu-system-x86_64-headless.exe ./qemu/windows-x86_64/qemu-system-aarch64.exe gfxstream_backend.dll ./qemu-img.exe ./qemu/windows-x86_64/qemu-system-armel-headless.exe ./qsn.exe ./qemu/windows-x86_64/qemu-system-aarch64-headless.exe ./qemu/windows-x86_64/qemu-system-i386.exe ./nimble_bridge.exe ./qemu/windows-x86_64/qemu-system-armel.exe ./emulator-check.exe ./qemu/windows-x86_64/qemu-system-x86_64.exe ./qemu/windows-x86_64/qemu-system-i386-headless.exe, https://android.googlesource.com/platform/external/qemu/+/refs/heads/emu-master-dev/android/third_party/json/
gpr, https://android.googlesource.com/platform/external/grpc-grpc/+/refs/heads/emu-master-dev/NOTICE.txt, Apache-2.0, android-emu-shared.dll emugl_common.dll ./qemu/windows-x86_64/qemu-system-x86_64-headless.exe ./qemu/windows-x86_64/qemu-system-aarch64.exe gfxstream_backend.dll ./qemu-img.exe ./qemu/windows-x86_64/qemu-system-armel-headless.exe ./qsn.exe ./qemu/windows-x86_64/qemu-system-aarch64-headless.exe ./qemu/windows-x86_64/qemu-system-i386.exe ./nimble_bridge.exe ./qemu/windows-x86_64/qemu-system-armel.exe ./emulator-check.exe ./qemu/windows-x86_64/qemu-system-x86_64.exe ./netsimd.exe ./qemu/windows-x86_64/qemu-system-i386-headless.exe, https://android.googlesource.com/platform/external/grpc-grpc/+/refs/heads/emu-master-dev
grpc++, https://android.googlesource.com/platform/external/grpc-grpc/+/refs/heads/emu-master-dev/NOTICE.txt, Apache-2.0, android-emu-shared.dll emugl_common.dll ./qemu/windows-x86_64/qemu-system-x86_64-headless.exe ./qemu/windows-x86_64/qemu-system-aarch64.exe gfxstream_backend.dll ./qemu-img.exe ./qemu/windows-x86_64/qemu-system-armel-headless.exe ./qsn.exe ./qemu/windows-x86_64/qemu-system-aarch64-headless.exe ./qemu/windows-x86_64/qemu-system-i386.exe ./nimble_bridge.exe ./qemu/windows-x86_64/qemu-system-armel.exe ./emulator-check.exe ./qemu/windows-x86_64/qemu-system-x86_64.exe ./netsimd.exe ./qemu/windows-x86_64/qemu-system-i386-headless.exe, https://android.googlesource.com/platform/external/grpc-grpc/+/refs/heads/emu-master-dev
crashpad, Apache-2.0, Apache-2.0, android-emu-metrics.dll android-emu-shared.dll ./qemu-img.exe ./qemu/windows-x86_64/qemu-system-armel-headless.exe ./qemu/windows-x86_64/qemu-system-i386.exe ./qemu/windows-x86_64/qemu-system-x86_64.exe ./emulator.exe emugl_common.dll ./qemu/windows-x86_64/qemu-system-x86_64-headless.exe ./crashreport.exe gfxstream_backend.dll ./qemu/windows-x86_64/qemu-system-aarch64.exe ./qsn.exe ./qemu/windows-x86_64/qemu-system-aarch64-headless.exe ./nimble_bridge.exe ./qemu/windows-x86_64/qemu-system-armel.exe ./emulator-check.exe ./qemu/windows-x86_64/qemu-system-i386-headless.exe, 
Qt Gui, https://doc.qt.io/qt-5.12/qtGui-index.html#licenses-and-attributions, LGPL-3.0-only, ./qemu/windows-x86_64/qemu-system-x86_64.exe ./qemu/windows-x86_64/qemu-system-i386.exe ./qemu/windows-x86_64/qemu-system-aarch64.exe ./qemu/windows-x86_64/qemu-system-armel.exe, https://android.googlesource.com/platform/prebuilts/android-emulator-build/archive/+/refs/heads/emu-master-dev/qt-everywhere-src-5.12.1.tar.xz
address_sorting, https://android.googlesource.com/platform/external/grpc-grpc/+/refs/heads/emu-master-dev/NOTICE.txt, Apache-2.0, android-emu-shared.dll emugl_common.dll ./qemu/windows-x86_64/qemu-system-x86_64-headless.exe ./qemu/windows-x86_64/qemu-system-aarch64.exe gfxstream_backend.dll ./qemu-img.exe ./qemu/windows-x86_64/qemu-system-armel-headless.exe ./qsn.exe ./qemu/windows-x86_64/qemu-system-aarch64-headless.exe ./qemu/windows-x86_64/qemu-system-i386.exe ./nimble_bridge.exe ./qemu/windows-x86_64/qemu-system-armel.exe ./emulator-check.exe ./qemu/windows-x86_64/qemu-system-x86_64.exe ./netsimd.exe ./qemu/windows-x86_64/qemu-system-i386-headless.exe, https://android.googlesource.com/platform/external/grpc-grpc/+/refs/heads/emu-master-dev
hostapd, https://android.googlesource.com/platform/external/wpa_supplicant_8/+/refs/heads/emu-master-dev/NOTICE, BSD, android-emu-shared.dll emugl_common.dll ./qemu/windows-x86_64/qemu-system-x86_64-headless.exe ./qemu/windows-x86_64/qemu-system-aarch64.exe gfxstream_backend.dll ./qemu-img.exe ./qemu/windows-x86_64/qemu-system-armel-headless.exe ./qsn.exe ./qemu/windows-x86_64/qemu-system-aarch64-headless.exe ./qemu/windows-x86_64/qemu-system-i386.exe ./nimble_bridge.exe ./qemu/windows-x86_64/qemu-system-armel.exe ./emulator-check.exe ./qemu/windows-x86_64/qemu-system-x86_64.exe ./netsimd.exe ./qemu/windows-x86_64/qemu-system-i386-headless.exe, https://android.googlesource.com/platform/external/wpa_supplicant_8/+/refs/heads/emu-master-dev
pixman-1, https://gitlab.freedesktop.org/pixman/pixman/blob/master/COPYING, MIT, ./qemu/windows-x86_64/qemu-system-x86_64-headless.exe ./qemu/windows-x86_64/qemu-system-aarch64.exe ./qemu/windows-x86_64/qemu-system-armel-headless.exe ./qemu/windows-x86_64/qemu-system-aarch64-headless.exe ./qsn.exe ./qemu/windows-x86_64/qemu-system-i386.exe ./qemu/windows-x86_64/qemu-system-armel.exe ./emulator-check.exe ./qemu/windows-x86_64/qemu-system-x86_64.exe ./qemu/windows-x86_64/qemu-system-i386-headless.exe, https://android.googlesource.com/platform/prebuilts/android-emulator-build/archive/+/refs/heads/emu-master-dev/pixman-0.34.0.tar.gz
mesa, https://mesa3d.org/license.html, MIT, lib64/gles_mesa/mesa_opengl32.dll ./emulator.exe, https://android.googlesource.com/platform/prebuilts/android-emulator-build/archive/+/refs/heads/emu-master-dev/MesaLib-10.4.2.tar.bz2
dtc, https://kernel.googlesource.com/pub/scm/utils/dtc/dtc.git/+/refs/heads/master/README.license, GPL-2.0-or-later, ./qemu/windows-x86_64/qemu-system-x86_64-headless.exe ./qemu/windows-x86_64/qemu-system-aarch64.exe ./qemu/windows-x86_64/qemu-system-armel-headless.exe ./qemu/windows-x86_64/qemu-system-aarch64-headless.exe ./qsn.exe ./qemu/windows-x86_64/qemu-system-i386.exe ./qemu/windows-x86_64/qemu-system-armel.exe ./emulator-check.exe ./qemu/windows-x86_64/qemu-system-x86_64.exe ./qemu/windows-x86_64/qemu-system-i386-headless.exe, https://kernel.googlesource.com/pub/scm/utils/dtc/dtc.git/+/refs/heads/master/
ext4_utils, https://android.googlesource.com/platform/system/extras/+/master/ext4_utils/NOTICE, Apache-2.0, android-emu-metrics.dll android-emu-shared.dll ./qemu-img.exe ./qemu/windows-x86_64/qemu-system-armel-headless.exe ./qemu/windows-x86_64/qemu-system-i386.exe ./qemu/windows-x86_64/qemu-system-x86_64.exe android-emu-agents.dll ./emulator.exe emugl_common.dll ./qemu/windows-x86_64/qemu-system-x86_64-headless.exe ./crashreport.exe gfxstream_backend.dll ./qemu/windows-x86_64/qemu-system-aarch64.exe ./qsn.exe ./qemu/windows-x86_64/qemu-system-aarch64-headless.exe ./nimble_bridge.exe ./qemu/windows-x86_64/qemu-system-armel.exe ./emulator-check.exe ./qemu/windows-x86_64/qemu-system-i386-headless.exe, https://android.googlesource.com/platform/system/extras/+/master/ext4_utils/
mynewt-nimble, https://android.googlesource.com/platform/external/qemu/+/emu-master-dev/android/third_party/mynewt-nimble/LICENSE, Apache=2.0, ./nimble_bridge.exe, 
regex, https://android.googlesource.com/platform/external/qemu.git/+/refs/heads/emu-master-dev/android/third_party/regex-win32/NOTICE, BSD-4-Clause, android-emu-metrics.dll android-emu-shared.dll ./qemu-img.exe ./qemu/windows-x86_64/qemu-system-armel-headless.exe ./qemu/windows-x86_64/qemu-system-i386.exe ./qemu/windows-x86_64/qemu-system-x86_64.exe android-emu-agents.dll ./emulator.exe emugl_common.dll ./qemu/windows-x86_64/qemu-system-x86_64-headless.exe ./crashreport.exe gfxstream_backend.dll ./qemu/windows-x86_64/qemu-system-aarch64.exe ./qsn.exe ./qemu/windows-x86_64/qemu-system-aarch64-headless.exe ./nimble_bridge.exe ./qemu/windows-x86_64/qemu-system-armel.exe ./emulator-check.exe ./qemu/windows-x86_64/qemu-system-i386-headless.exe, https://android.googlesource.com/platform/external/qemu.git/+/refs/heads/emu-master-dev/android/third_party/regex-win32/
breakpad, https://android.googlesource.com/platform/external/google-breakpad/+/refs/heads/emu-master-dev/LICENSE, BSD-3-Clause, ./qemu/windows-x86_64/qemu-system-x86_64.exe ./crashreport.exe ./qemu/windows-x86_64/qemu-system-aarch64.exe ./qemu/windows-x86_64/qemu-system-i386.exe ./qemu/windows-x86_64/qemu-system-armel.exe, https://android.googlesource.com/platform/external/google-breakpad/+/refs/heads/emu-master-dev
swiftshader, https://android.googlesource.com/platform/external/swiftshader/+/refs/heads/emu-master-dev/LICENSE.txt, Apache-2.0, lib64/gles_swiftshader/libEGL.dll lib64/gles_swiftshader/libGLES_CM.dll ./emulator.exe lib64/gles_swiftshader/libGLESv2.dll, https://android.googlesource.com/platform/external/swiftshader/+/refs/heads/emu-master-dev
grpc, https://android.googlesource.com/platform/external/grpc-grpc/+/refs/heads/emu-master-dev/NOTICE.txt, Apache-2.0, android-emu-shared.dll emugl_common.dll ./qemu/windows-x86_64/qemu-system-x86_64-headless.exe ./qemu/windows-x86_64/qemu-system-aarch64.exe gfxstream_backend.dll ./qemu-img.exe ./qemu/windows-x86_64/qemu-system-armel-headless.exe ./qsn.exe ./qemu/windows-x86_64/qemu-system-aarch64-headless.exe ./qemu/windows-x86_64/qemu-system-i386.exe ./nimble_bridge.exe ./qemu/windows-x86_64/qemu-system-armel.exe ./emulator-check.exe ./qemu/windows-x86_64/qemu-system-x86_64.exe ./netsimd.exe ./qemu/windows-x86_64/qemu-system-i386-headless.exe, https://android.googlesource.com/platform/external/grpc-grpc/+/refs/heads/emu-master-dev
angle-renderer, https://chromium.googlesource.com/angle/angle/LICENSE, BSD-3-Clause, lib64/gles_angle/libEGL.dll lib64/gles_angle/libGLESv2.dll lib64/gles_angle/d3dcompiler_47.dll ./emulator.exe, https://chromium.googlesource.com/angle/angle
libcurl, https://android.googlesource.com/platform/external/curl/+/refs/heads/emu-master-dev/NOTICE, curl, android-emu-metrics.dll android-emu-shared.dll ./qemu-img.exe ./qemu/windows-x86_64/qemu-system-armel-headless.exe ./qemu/windows-x86_64/qemu-system-i386.exe ./qemu/windows-x86_64/qemu-system-x86_64.exe ./emulator.exe emugl_common.dll ./qemu/windows-x86_64/qemu-system-x86_64-headless.exe ./qemu/windows-x86_64/qemu-system-aarch64.exe gfxstream_backend.dll android-emu-curl.dll ./qsn.exe ./qemu/windows-x86_64/qemu-system-aarch64-headless.exe ./nimble_bridge.exe ./qemu/windows-x86_64/qemu-system-armel.exe ./emulator-check.exe ./qemu/windows-x86_64/qemu-system-i386-headless.exe, https://android.googlesource.com/platform/external/curl/+/refs/heads/emu-master-dev
tinyobjloader, https://android.googlesource.com/platform/external/tinyobjloader/+/refs/heads/master/LICENSE, MIT, android-emu-shared.dll emugl_common.dll ./qemu/windows-x86_64/qemu-system-x86_64-headless.exe ./qemu/windows-x86_64/qemu-system-aarch64.exe gfxstream_backend.dll ./qemu-img.exe ./qemu/windows-x86_64/qemu-system-armel-headless.exe ./qsn.exe ./qemu/windows-x86_64/qemu-system-aarch64-headless.exe ./qemu/windows-x86_64/qemu-system-i386.exe ./nimble_bridge.exe ./qemu/windows-x86_64/qemu-system-armel.exe ./emulator-check.exe ./qemu/windows-x86_64/qemu-system-x86_64.exe ./qemu/windows-x86_64/qemu-system-i386-headless.exe, https://android.googlesource.com/platform/external/tinyobjloader/+/refs/heads/master
flatbuffers, Apache-2.0, Apache-2.0, ./qemu/windows-x86_64/qemu-system-x86_64-headless.exe ./qemu/windows-x86_64/qemu-system-aarch64.exe ./qemu/windows-x86_64/qemu-system-armel-headless.exe ./qemu/windows-x86_64/qemu-system-aarch64-headless.exe ./qsn.exe ./qemu/windows-x86_64/qemu-system-i386.exe ./qemu/windows-x86_64/qemu-system-armel.exe ./emulator-check.exe ./qemu/windows-x86_64/qemu-system-x86_64.exe ./qemu/windows-x86_64/qemu-system-i386-headless.exe, https://github.com/google/flatbuffers
angle, https://chromium.googlesource.com/angle/angle/LICENSE, BSD-3-Clause, lib64/libshadertranslator.dll gfxstream_backend.dll ./emulator.exe, https://chromium.googlesource.com/angle/angle
ffmpeg, https://github.com/FFmpeg/FFmpeg/blob/master/LICENSE.md, GPL-2.0-or-later, android-emu-shared.dll emugl_common.dll ./qemu/windows-x86_64/qemu-system-x86_64-headless.exe ./qemu/windows-x86_64/qemu-system-aarch64.exe gfxstream_backend.dll ./qemu-img.exe ./qemu/windows-x86_64/qemu-system-armel-headless.exe ./qsn.exe ./qemu/windows-x86_64/qemu-system-aarch64-headless.exe ./qemu/windows-x86_64/qemu-system-i386.exe ./nimble_bridge.exe ./qemu/windows-x86_64/qemu-system-armel.exe ./emulator-check.exe ./qemu/windows-x86_64/qemu-system-x86_64.exe ./qemu/windows-x86_64/qemu-system-i386-headless.exe, https://android.googlesource.com/platform/prebuilts/android-emulator-build/archive/+/refs/heads/emu-master-dev/ffmpeg-3.4.5.tar.xz
Tink, https://android.googlesource.com/platform/external/tink/+/refs/heads/upstream-master/LICENSE, Apache-2.0, ./qemu/windows-x86_64/qemu-system-x86_64-headless.exe ./qemu/windows-x86_64/qemu-system-aarch64.exe ./qemu/windows-x86_64/qemu-system-armel-headless.exe ./qemu/windows-x86_64/qemu-system-aarch64-headless.exe ./qsn.exe ./qemu/windows-x86_64/qemu-system-i386.exe ./nimble_bridge.exe ./qemu/windows-x86_64/qemu-system-armel.exe ./emulator-check.exe ./qemu/windows-x86_64/qemu-system-x86_64.exe ./qemu/windows-x86_64/qemu-system-i386-headless.exe, https://android.googlesource.com/platform/external/tink/+/refs/heads/upstream-master
libjpeg, https://android.googlesource.com/platform/external/qemu/+/refs/heads/emu-master-dev/android/third_party/jpeg-6b/NOTICE, IJG, android-emu-shared.dll emugl_common.dll ./qemu/windows-x86_64/qemu-system-x86_64-headless.exe ./qemu/windows-x86_64/qemu-system-aarch64.exe gfxstream_backend.dll ./qemu-img.exe ./qemu/windows-x86_64/qemu-system-armel-headless.exe ./qsn.exe ./qemu/windows-x86_64/qemu-system-aarch64-headless.exe ./qemu/windows-x86_64/qemu-system-i386.exe ./nimble_bridge.exe ./qemu/windows-x86_64/qemu-system-armel.exe ./emulator-check.exe ./qemu/windows-x86_64/qemu-system-x86_64.exe ./qemu/windows-x86_64/qemu-system-i386-headless.exe, https://android.googlesource.com/platform/external/qemu/+/refs/heads/emu-master-dev/android/third_party/jpeg-6b/
boringssl, https://android.googlesource.com/platform/external/boringssl/+/refs/heads/master/NOTICE, OpenSSL, android-emu-metrics.dll android-emu-shared.dll ./qemu-img.exe ./qemu/windows-x86_64/qemu-system-armel-headless.exe ./qemu/windows-x86_64/qemu-system-i386.exe ./qemu/windows-x86_64/qemu-system-x86_64.exe ./emulator.exe emugl_common.dll ./qemu/windows-x86_64/qemu-system-x86_64-headless.exe ./crashreport.exe gfxstream_backend.dll android-emu-curl.dll ./qemu/windows-x86_64/qemu-system-aarch64.exe ./qsn.exe ./qemu/windows-x86_64/qemu-system-aarch64-headless.exe ./nimble_bridge.exe ./qemu/windows-x86_64/qemu-system-armel.exe ./emulator-check.exe ./netsimd.exe ./qemu/windows-x86_64/qemu-system-i386-headless.exe, https://android.googlesource.com/platform/external/boringssl/+/refs/heads/master
libselinux, https://android.googlesource.com/platform/external/qemu/+/emu-master-dev/android/third_party/libselinux/NOTICE, CC-PDDC OR UNKNOWN, android-emu-metrics.dll android-emu-shared.dll ./qemu-img.exe ./qemu/windows-x86_64/qemu-system-armel-headless.exe ./qemu/windows-x86_64/qemu-system-i386.exe ./qemu/windows-x86_64/qemu-system-x86_64.exe android-emu-agents.dll ./emulator.exe emugl_common.dll ./qemu/windows-x86_64/qemu-system-x86_64-headless.exe ./crashreport.exe gfxstream_backend.dll ./qemu/windows-x86_64/qemu-system-aarch64.exe ./qsn.exe ./qemu/windows-x86_64/qemu-system-aarch64-headless.exe ./nimble_bridge.exe ./qemu/windows-x86_64/qemu-system-armel.exe ./emulator-check.exe ./qemu/windows-x86_64/qemu-system-i386-headless.exe, https://android.googlesource.com/platform/external/qemu/+/emu-master-dev/android/third_party/libselinux
c-ares, https://android.googlesource.com/platform/external/c-ares/+/refs/heads/emu-master-dev/LICENSE.md, MIT, android-emu-shared.dll emugl_common.dll ./qemu/windows-x86_64/qemu-system-x86_64-headless.exe ./qemu/windows-x86_64/qemu-system-aarch64.exe gfxstream_backend.dll ./qemu-img.exe ./qemu/windows-x86_64/qemu-system-armel-headless.exe ./qsn.exe ./qemu/windows-x86_64/qemu-system-aarch64-headless.exe ./qemu/windows-x86_64/qemu-system-i386.exe ./nimble_bridge.exe ./qemu/windows-x86_64/qemu-system-armel.exe ./emulator-check.exe ./qemu/windows-x86_64/qemu-system-x86_64.exe ./netsimd.exe ./qemu/windows-x86_64/qemu-system-i386-headless.exe, https://android.googlesource.com/platform/external/c-ares/+/refs/heads/emu-master-dev
glib-2.0, https://android.googlesource.com/platform/external/bluetooth/glib/+/refs/heads/emu-master-dev/COPYING, LGPL-2.1-only, android-emu-shared.dll ./qemu-img.exe ./qemu/windows-x86_64/qemu-system-armel-headless.exe ./qemu/windows-x86_64/qemu-system-i386.exe ./qemu/windows-x86_64/qemu-system-x86_64.exe glib2_windows_msvc-x86_64.dll ./emulator.exe emugl_common.dll ./qemu/windows-x86_64/qemu-system-x86_64-headless.exe ./qemu/windows-x86_64/qemu-system-aarch64.exe gfxstream_backend.dll ./qsn.exe ./qemu/windows-x86_64/qemu-system-aarch64-headless.exe ./nimble_bridge.exe ./qemu/windows-x86_64/qemu-system-armel.exe ./emulator-check.exe ./netsimd.exe lib64/glib-2-vs11.dll ./qemu/windows-x86_64/qemu-system-i386-headless.exe, https://android.googlesource.com/platform/external/bluetooth/glib/+/refs/heads/emu-master-dev/
e2fs, http://www.linfo.org/e2fsprogs.html, GPL-2.0-only, bin64/cygcom_err-2.dll bin64/cyggcc_s-1.dll bin64/e2fsck.exe bin64/resize2fs.exe bin64/cygext2fs-2.dll bin64/cygintl-8.dll bin64/cyge2p-2.dll bin64/cygiconv-2.dll bin64/cyguuid-1.dll bin64/cygblkid-1.dll bin64/cygwin1.dll bin64/tune2fs.exe ./emulator.exe, https://android.googlesource.com/platform/prebuilts/android-emulator-build/archive/+/refs/heads/emu-master-dev/e2fsprogs-1.42.13-patches.tar.xz
bios, https://android.googlesource.com/platform/external/qemu-pc-bios/+/refs/heads/master/README, LGPL-2.0-or-later, ./emulator.exe, https://android.googlesource.com/platform/external/qemu-pc-bios/+/refs/heads/master/
gfxstream, https://android.googlesource.com/platform/hardware/google/gfxstream/+/refs/heads/master/LICENSE, Apache-2.0, android-emu-metrics.dll android-emu-shared.dll android-emu-protos.dll image_converter.dll ./qemu-img.exe ./qemu/windows-x86_64/qemu-system-armel-headless.exe ./qemu/windows-x86_64/qemu-system-i386.exe ./qemu/windows-x86_64/qemu-system-x86_64.exe glib2_windows_msvc-x86_64.dll android-emu-agents.dll ./mksdcard.exe ./emulator.exe emugl_common.dll ./qemu/windows-x86_64/qemu-system-x86_64-headless.exe ./crashreport.exe gfxstream_backend.dll android-emu-curl.dll ./qemu/windows-x86_64/qemu-system-aarch64.exe ./qsn.exe ./qemu/windows-x86_64/qemu-system-aarch64-headless.exe ./nimble_bridge.exe ./qemu/windows-x86_64/qemu-system-armel.exe ./emulator-check.exe ./netsimd.exe android-emu-tracing.dll ./qemu/windows-x86_64/qemu-system-i386-headless.exe android-emu-base-logging.dll, https://android.googlesource.com/platform/hardware/google/gfxstream/+/refs/heads/master
